{"sample_rate": 0.08356082949847672, "data": [{"channel_values": ["-110403.804231", "-66403.3894424", "-11946.7168387", "-24436.6928264", "10981.4791061", "-93208.6295734", "-73550.9632291", "-38236.9504257"], "timestamp": "Timestamp : 1478906590.66", "delay": 1, "aux_values": ["0.006", "-0.072", "1.008"], "sample_number": 1}, {"channel_values": ["-110272.554788", "-66405.3787476", "-11951.9471469", "-24441.9901898", "11139.193015", "-93220.9006811", "-73552.2149267", "-38242.6501206"], "timestamp": "Timestamp : 1478906590.67", "delay": 1, "aux_values": ["0.0", "0.0", "0.0"], "sample_number": 2}, {"channel_values": ["-110386.481629", "-66415.5487914", "-11965.6934697", "-24479.4293618", "10995.4042429", "-93238.0891726", "-73552.4384442", "-38263.9960365"], "timestamp": "Timestamp : 1478906590.67", "delay": 1, "aux_values": ["0.0", "0.0", "0.0"], "sample_number": 3}, {"channel_values": ["-110578.81839", "-66417.6945588", "-11965.0005656", "-24475.8530826", "10739.0967893", "-93238.2679866", "-73551.2090982", "-38264.5324784"], "timestamp": "Timestamp : 1478906590.67", "delay": 1, "aux_values": ["0.0", "0.0", "0.0"], "sample_number": 4}]}